iter	Logloss
0	0.685482712
1	0.677932837
2	0.670500949
3	0.6569480486
4	0.6498364173
